4,2,3,1,0,0,0,0,0,0
0,0,-1,0,0,0,-1,0,1,0
0.05,0.05,-1,0,0,0,-1,0,1,0
0.1,0.1,-1,0,0,0,-1,0,1,0
0.15,0.15,-1,0,0,0,-1,0,1,0
0.2,0.2,-1,0,0,0,-1,0,1,0
0.25,0.25,-1,0,0,0,-1,0,1,0
0.3,0.3,-1,0,0,0,-1,0,1,0
0.35,0.35,-1,0,0,0,-1,0,1,0
0.4,0.4,-1,0,0,0,-1,0,1,0
0.45,0.45,-1,0,0,0,-1,0,1,0
0.5,0.5,-1,0,0,0,-1,0,1,0
0.55,0.55,-1,0,0,0,-1,0,1,0
0.6,0.6,-1,0,0,0,-1,0,1,0
0.65,0.65,-1,0,0,0,-1,0,1,0
0.7,0.7,-1,0,0,0,-1,0,1,0
0.75,0.75,-1,0,0,0,-1,0,1,0
0.8,0.8,-1,0,0,0,-1,0,1,0
0.85,0.85,-1,0,0,0,-1,0,1,0
0.9,0.9,-1,0,0,0,-1,0,1,0
0.95,0.95,-1,0,0,0,-1,0,1,0
1,1,-1,-1,0,0,-1,0,1,0
1.05,1.05,-1,-1,0,0,-1,0,1,0
1.1,1.1,-1,-1,0,0,-1,0,1,0
1.15,1.15,-1,-1,0,0,-1,0,1,0
1.2,1.2,-1,-1,0,0,-1,0,1,0
1.25,1.25,-1,-1,0,0,-1,0,1,0
1.3,1.3,-1,-1,0,0,-1,-1,1,1
1.35,1.35,-1,-1,0,0,-1,-1,1,1
1.4,1.4,-1,-1,0,0,-1,-1,1,1
1.45,1.45,-1,-1,0,0,-1,-1,1,1
1.5,1.5,-1,-1,0,0,-1,-1,1,1
1.55,1.55,-1,-1,0,0,-1,-1,1,1
1.6,1.6,-1,-1,0,0,-1,-1,1,1
1.65,1.65,-1,-1,0,0,-1,-1,1,1
1.7,1.7,-1,-1,0,0,-1,-1,1,1
1.75,1.75,-1,-1,0,0,-1,-1,1,1
1.8,1.8,-1,-1,0,0,-1,-1,1,1
1.85,1.85,-1,-1,0,0,-1,-1,1,1
1.9,1.9,-1,-1,0,0,-1,-1,1,1
1.95,1.95,-1,-1,0,0,-1,-1,1,1
2,2,-1,-1,0,0,-1,-1,1,1
2.05,2.05,-1,-1,0,0,-1,-1,1,1
2.1,2.1,-1,-1,0,0,-1,-1,1,1
2.15,2.15,-1,-1,0,0,-1,-1,1,1
2.2,2.2,-1,-1,0,0,-1,-1,1,1
2.25,2.25,-1,-1,0,0,-1,-1,1,1
2.3,2.3,-1,-1,0,0,-1,-1,1,1
2.35,2.35,-1,-1,0,0,-1,-1,1,1
2.4,2.4,-1,-1,0,0,-1,0,1,1
2.45,2.45,-1,-1,0,0,-1,0,1,1
2.5,2.5,-1,-1,0,0,-1,0,1,1
2.55,2.55,-1,-1,0,0,-1,0,1,1
2.6,2.6,-1,-1,0,0,-1,0,1,1
2.65,2.65,-1,-1,0,0,-1,0,1,1
2.7,2.7,-1,-1,0,0,-1,0,1,1
2.75,2.75,-1,-1,0,0,-1,0,1,1
2.8,2.8,-1,-1,0,0,-1,0,1,1
2.85,2.85,-1,-1,0,0,-1,0,1,1
2.9,2.9,-1,-1,0,0,-1,0,1,1
2.95,2.95,-1,-1,0,0,0,0,0,1
3,3,0,-1,1,0,1,0,-1,1
3.05,3.05,0,-1,1,0,1,0,-1,1
3.1,3.1,0,-1,1,0,1,0,-1,1
3.15,3.15,0,-1,1,0,1,0,-1,1
3.2,3.2,0,-1,1,0,1,0,-1,1
3.25,3.25,0,-1,1,0,1,0,-1,1
3.3,3.3,0,-1,1,0,1,0,-1,1
3.35,3.35,0,-1,1,0,1,0,-1,1
3.4,3.4,0,-1,1,0,1,0,-1,1
3.45,3.45,0,-1,1,0,1,0,-1,1
3.5,3.5,0,-1,1,0,1,0,-1,1
3.55,3.55,0,-1,1,0,1,0,-1,1
3.6,3.6,0,-1,1,0,1,0,-1,1
3.65,3.65,0,-1,1,0,1,0,-1,1
3.7,3.7,0,-1,1,0,1,0,-1,1
3.75,3.75,0,-1,1,0,1,0,-1,1
3.8,3.8,0,-1,1,0,1,0,-1,0
3.85,3.85,0,-1,1,0,1,0,-1,0
3.9,3.9,0,0,1,0,1,0,-1,0
3.95,3.95,0,1,1,1,1,1,-1,0
4,4,0,1,1,1,1,1,-1,0
4.05,4.05,0,1,1,1,1,1,-1,0
4.1,4.1,0,1,1,-1,1,1,-1,0
4.15,4.15,0,0,1,1,1,1,-1,0
4.2,4.2,0,1,1,1,1,1,-1,0
4.25,4.25,0,1,1,1,1,1,-1,0
4.3,4.3,0,-0,1,1,1,1,-1,0
4.35,4.35,0,-1,1,1,1,1,-1,0
4.4,4.4,0,0,1,1,1,1,-1,0
4.45,4.45,0,-1,1,1,1,1,-1,0
4.5,4.5,0,-1,1,1,1,1,-1,-0
4.55,4.55,0,-1,1,1,1,1,-1,-1
4.6,4.6,0,-1,1,1,1,1,-1,-1
4.65,4.65,0,-1,1,1,1,1,-1,-1
4.7,4.7,0,-1,1,1,1,1,-1,-1
4.75,4.75,0,-1,1,1,1,1,-1,-1
4.8,4.8,0,-1,1,1,1,1,-1,-1
4.85,4.85,0,-0,1,1,1,1,-1,-1
4.9,4.9,0,-1,1,1,1,1,-1,-1
4.95,4.95,0,0,1,0,1,1,-1,-1
5,5,0,-1,1,-0,1,1,-1,-1
5.05,5.05,0,0,1,1,1,1,-1,-1
5.1,5.1,0,-0,1,1,1,1,-1,-1
5.15,5.15,0,-1,1,1,1,1,-1,-1
5.2,5.2,0,-1,1,1,1,1,-1,-1
5.25,5.25,0,-1,1,1,1,1,-1,-1
5.3,5.3,0,1,1,1,1,0,-1,-1
5.35,5.35,0,1,1,1,1,0,-1,-1
5.4,5.4,0,1,1,1,1,0,-1,-0
5.45,5.45,0,-1,1,1,1,0,-1,-1
5.5,5.5,0,1,1,1,1,0,-1,0
5.55,5.55,0,-1,1,1,1,0,-1,-1
5.6,5.6,0,-1,1,1,1,0,-1,-1
5.65,5.65,0,-1,1,1,1,0,-1,-1
5.7,5.7,0,-1,1,1,1,1,-1,-1
5.75,5.75,0,1,1,1,1,1,-1,-1
5.8,5.8,0,1,1,1,1,1,-1,-1
5.85,5.85,0,-1,1,1,1,1,-1,-1
5.9,5.9,0,-1,1,1,1,0,-1,-1
5.95,5.95,-0,1,0,1,0,0,-1,-1
6,6,-1,1,0,1,0,0,0,-1
6.05,6.05,-1,-1,0,1,0,0,0,0
6.1,6.1,-1,-1,0,1,0,0,0,-0
6.15,6.15,-1,-1,0,1,0,0,0,-1
6.2,6.2,-1,-0,0,1,0,0,0,-1
6.25,6.25,-1,0,0,1,0,0,0,-1
6.3,6.3,-1,-1,0,1,0,0,0,-1
6.35,6.35,-1,-1,0,-1,0,0,0,-1
6.4,6.4,-1,-1,0,1,0,0,0,-1
6.45,6.45,-1,-1,0,-1,0,0,0,-1
6.5,6.5,-1,-1,0,1,0,0,0,-0
6.55,6.55,-1,-1,0,1,0,1,0,0
6.6,6.6,-1,-0,0,1,0,1,0,0
6.65,6.65,-1,-1,0,1,0,0,0,0
6.7,6.7,-1,-0,0,1,0,1,0,0
6.75,6.75,-1,-1,0,1,0,0,0,0
6.8,6.8,-1,0,0,1,0,1,0,0
6.85,6.85,-1,0,0,1,0,0,0,0
6.9,6.9,-1,-0,0,1,0,0,0,0
6.95,6.95,-1,-1,0,0,0,0,0,0
7,7,-1,-1,0,0,0,0,0,0
7.05,7.05,-1,-1,0,0,0,0,0,0
7.1,7.1,-1,-1,0,0,0,0,0,0
7.15,7.15,-1,-1,0,0,0,0,0,0
7.2,7.2,-1,-1,0,0,0,0,0,0
7.25,7.25,-1,-1,0,0,0,0,0,0
7.3,7.3,-1,-1,0,0,0,0,0,0
7.35,7.35,-1,-1,0,-0,0,0,0,0
7.4,7.4,-1,-1,0,-1,0,0,0,0
7.45,7.45,-1,-1,0,0,0,0,0,0
7.5,7.5,-1,-1,0,0,0,0,0,0
7.55,7.55,-1,-1,0,0,0,0,0,0
7.6,7.6,-1,-1,0,0,0,0,0,0
7.65,7.65,-1,-1,0,0,0,0,0,0
7.7,7.7,-1,-1,0,0,0,0,0,0
7.75,7.75,-1,-1,0,0,0,0,0,0
7.8,7.8,-1,-1,0,0,0,0,0,0
7.85,7.85,-1,-1,0,0,0,0,0,0
7.9,7.9,-1,-1,0,0,0,0,0,0
7.95,7.95,-1,-0,0,0,0,0,0,0
8,8,-1,-1,0,0,0,0,0,0
8.05,8.05,-1,-1,0,0,0,0,0,0
8.1,8.1,-1,-1,0,0,0,0,0,0
8.15,8.15,-1,-1,0,0,0,0,0,0
8.2,8.2,-1,-1,0,0,0,0,0,0
8.25,8.25,-1,-1,0,0,0,0,0,0
8.3,8.3,-1,-1,0,0,0,0,0,0
8.35,8.35,-1,-1,0,0,0,0,0,0
8.4,8.4,-1,-1,0,0,0,0,0,0
8.45,8.45,-1,-1,0,0,0,0,0,0
8.5,8.5,-1,-1,0,0,0,0,0,0
8.55,8.55,-1,-1,0,0,0,0,0,0
8.6,8.6,-1,-1,0,0,0,0,0,0
8.65,8.65,-1,-1,0,0,0,0,0,0
8.7,8.7,-1,-1,0,0,0,0,0,0
8.75,8.75,-1,-1,0,0,0,0,0,0
8.8,8.8,-1,-1,0,0,0,0,0,0
8.85,8.85,-1,-1,0,0,0,0,0,0
8.9,8.9,-1,-1,0,0,0,0,0,0
8.95,8.95,-1,-1,-1,0,-0,0,0,0
9,9,1,-1,-1,0,-1,0,-1,0
9.05,9.05,1,-1,-1,0,-1,0,-1,0
9.1,9.1,1,-1,-1,0,-1,0,-1,0
9.15,9.15,1,-1,-1,0,-1,0,-1,0
9.2,9.2,1,-1,-1,0,-1,0,-1,0
9.25,9.25,1,-1,-1,0,-1,0,-1,0
9.3,9.3,1,-1,-1,0,-1,0,-1,0
9.35,9.35,1,-1,-1,0,-1,0,-1,0
9.4,9.4,1,-1,-1,0,-1,0,-1,0
9.45,9.45,1,-1,-1,0,-1,0,-1,0
9.5,9.5,1,-1,-1,0,-1,0,-1,0
9.55,9.55,1,-1,-1,0,-1,0,-1,0
9.6,9.6,1,-1,-1,0,-1,0,-1,0
9.65,9.65,1,-0,-1,0,-1,0,-1,0
9.7,9.7,1,-1,-1,0,-1,0,-1,0
9.75,9.75,1,-1,-1,0,-1,0,-1,0
9.8,9.8,1,-1,-1,0,-1,0,-1,0
9.85,9.85,1,-1,-1,0,-1,0,-1,0
9.9,9.9,1,0,-1,1,-1,0,-1,0
9.95,9.95,1,1,-1,1,-1,-1,-1,0
10,10,1,1,-1,0,-1,-1,-1,0
10.05,10.05,1,1,-1,-0,-1,-1,-1,0
10.1,10.1,1,1,-1,-1,-1,-1,-1,0
10.15,10.15,1,1,-1,-1,-1,-1,-1,0
10.2,10.2,1,1,-1,-1,-1,-1,-1,-1
10.25,10.25,1,1,-1,-1,-1,-1,-1,-1
10.3,10.3,1,1,-1,-1,-1,-1,-1,-1
10.35,10.35,1,1,-1,-1,-1,-1,-1,-1
10.4,10.4,1,1,-1,-1,-1,-1,-1,-1
10.45,10.45,1,1,-1,-1,-1,-1,-1,-1
10.5,10.5,1,1,-1,-1,-1,-1,-1,-1
10.55,10.55,1,1,-1,-1,-1,-1,-1,-1
10.6,10.6,1,1,-1,-1,-1,-1,-1,-1
10.65,10.65,1,1,-1,-1,-1,0,-1,-1
10.7,10.7,1,1,-1,-1,-1,0,-1,-1
10.75,10.75,1,1,-1,-1,-1,0,-1,-1
10.8,10.8,1,1,-1,-1,-1,0,-1,-1
10.85,10.85,1,1,-1,-1,-1,0,-1,-1
10.9,10.9,1,1,-1,-1,-1,0,-1,-1
10.95,10.95,1,1,-1,-1,-1,0,-1,-1
11,11,1,1,-1,-1,-1,0,-1,-1
11.05,11.05,1,1,-1,-1,-1,0,-1,-1
11.1,11.1,1,1,-1,-1,-1,0,-1,-1
11.15,11.15,1,1,-1,-1,-1,0,-1,-1
11.2,11.2,1,1,-1,-1,-1,0,-1,-1
11.25,11.25,1,1,-1,-1,-1,0,-1,-1
11.3,11.3,1,1,-1,-1,-1,0,-1,-1
11.35,11.35,1,1,-1,-1,-1,0,-1,-1
11.4,11.4,1,1,-1,-1,-1,0,-1,-1
11.45,11.45,1,1,-1,-1,-1,0,-1,-1
11.5,11.5,1,1,-1,-1,-1,0,-1,-1
11.55,11.55,1,1,-1,-1,-1,0,-1,-1
11.6,11.6,1,1,-1,-1,-1,0,-1,-1
11.65,11.65,1,1,-1,-1,-1,0,-1,-1
11.7,11.7,1,1,-1,-1,-1,0,-1,-1
11.75,11.75,1,1,-1,-1,-1,0,-1,-1
11.8,11.8,1,1,-1,-1,-1,0,-1,-1
11.85,11.85,1,1,-1,-1,-1,0,-1,-1
11.9,11.9,1,1,-1,-1,-1,0,-1,-1
11.95,11.95,1,1,-0,-1,-1,0,-1,-1
12,12,1,1,1,-1,0,0,0,-1
12.05,12.05,0,1,1,-1,0,0,0,-1
12.1,12.1,0,1,1,-1,0,0,0,-1
12.15,12.15,0,1,1,-1,0,0,0,-1
12.2,12.2,0,1,1,-1,0,0,0,-1
12.25,12.25,0,1,1,-1,0,0,0,-1
12.3,12.3,0,1,1,-1,0,0,0,-1
12.35,12.35,0,1,1,-1,0,0,0,-1
12.4,12.4,0,1,1,-1,0,0,0,-1
12.45,12.45,0,1,1,-1,0,0,0,0
12.5,12.5,0,1,1,-0,0,0,0,0
12.55,12.55,0,1,1,0,0,0,0,0
12.6,12.6,0,1,1,1,0,0,0,0
12.65,12.65,0,1,1,-0,0,0,0,0
12.7,12.7,0,0,1,-0,0,0,0,0
12.75,12.75,0,0,1,-1,0,0,0,1
12.8,12.8,0,0,1,0,0,0,0,1
12.85,12.85,0,0,1,1,0,0,0,0
12.9,12.9,0,0,1,1,0,0,0,0
12.95,12.95,0,0,1,1,0,0,0,0
13,13,0,0,1,1,0,0,0,0
13.05,13.05,0,0,1,1,0,0,0,0
13.1,13.1,0,0,1,1,0,0,0,0
13.15,13.15,0,0,1,1,0,0,0,0
13.2,13.2,0,-1,1,-0,0,0,0,0
13.25,13.25,0,-0,1,0,0,0,0,0
13.3,13.3,0,0,1,1,0,0,0,0
13.35,13.35,0,0,1,1,0,0,0,0
13.4,13.4,0,0,1,1,0,0,0,0
13.45,13.45,0,-1,1,1,0,0,0,0
13.5,13.5,0,-0,1,1,0,0,0,0
13.55,13.55,0,0,1,1,0,0,0,0
13.6,13.6,0,0,1,1,0,0,0,0
13.65,13.65,0,0,1,1,0,0,0,0
13.7,13.7,0,0,1,1,0,0,0,0
13.75,13.75,0,0,1,1,0,0,0,0
13.8,13.8,0,0,1,1,0,0,0,0
13.85,13.85,0,0,1,1,0,0,0,0
13.9,13.9,0,0,1,1,0,0,0,0
13.95,13.95,0,0,1,1,0,0,0,0
14,14,0,0,1,1,0,0,0,0
14.05,14.05,0,0,1,1,0,0,0,0
14.1,14.1,0,0,1,-1,0,0,0,0
14.15,14.15,0,0,1,-1,0,0,0,0
14.2,14.2,0,0,1,-1,0,0,0,0
14.25,14.25,0,0,1,1,0,0,0,0
14.3,14.3,0,0,1,1,0,0,0,0
14.35,14.35,0,0,1,1,0,0,0,0
14.4,14.4,0,0,1,1,0,0,0,0
14.45,14.45,0,0,1,1,0,0,0,0
14.5,14.5,0,0,1,1,0,0,0,0
14.55,14.55,0,0,1,1,0,0,0,0
14.6,14.6,0,0,1,1,0,0,0,0
14.65,14.65,0,0,1,1,0,0,0,0
14.7,14.7,0,0,1,1,0,0,0,0
14.75,14.75,0,0,1,1,0,0,0,0
14.8,14.8,0,0,1,1,0,0,0,0
14.85,14.85,0,0,1,1,0,0,0,0
14.9,14.9,0,0,1,1,0,0,0,0
14.95,14.95,0,0,1,1,0,0,0,0
15,15,-1,0,0,1,1,0,1,0
15.05,15.05,-1,0,0,1,1,0,1,0
15.1,15.1,-1,0,0,1,1,0,1,0
15.15,15.15,-1,0,0,1,1,0,1,0
15.2,15.2,-1,0,0,1,1,0,1,0
15.25,15.25,-1,0,0,1,1,0,1,0
15.3,15.3,-1,0,0,1,1,0,1,0
15.35,15.35,-1,0,0,1,1,0,1,0
15.4,15.4,-1,0,0,1,1,0,1,0
15.45,15.45,-1,0,0,1,1,0,1,0
15.5,15.5,-1,0,0,-1,1,0,1,0
15.55,15.55,-1,0,0,-1,1,0,1,0
15.6,15.6,-1,0,0,-1,1,0,1,0
15.65,15.65,-1,0,0,-1,1,0,1,1
15.7,15.7,-1,0,0,-1,1,0,1,1
15.75,15.75,-1,-0,0,-1,1,0,1,1
15.8,15.8,-1,-1,0,-1,1,0,1,1
15.85,15.85,-1,-1,0,1,1,0,1,1
15.9,15.9,-1,-1,0,-1,1,0,1,1
15.95,15.95,-1,-1,0,-1,1,0,1,1
16,16,-1,-1,0,-1,1,0,1,1
16.05,16.05,-1,-1,0,-1,1,1,1,1
16.1,16.1,-1,-1,0,-1,1,1,1,1
16.15,16.15,-1,-1,0,-1,1,1,1,1
16.2,16.2,-1,-1,0,-1,1,1,1,1
16.25,16.25,-1,-1,0,-1,1,1,1,1
16.3,16.3,-1,-1,0,0,1,1,1,1
16.35,16.35,-1,-1,0,0,1,1,1,1
16.4,16.4,-1,-1,0,0,1,1,1,1
16.45,16.45,-1,-1,0,0,1,1,1,1
16.5,16.5,-1,-1,0,0,1,1,1,1
16.55,16.55,-1,-1,0,0,1,1,1,1
16.6,16.6,-1,-1,0,0,1,0,1,1
16.65,16.65,-1,-1,0,0,1,1,1,1
16.7,16.7,-1,-1,0,0,1,1,1,1
16.75,16.75,-1,-1,0,0,1,1,1,1
16.8,16.8,-1,-1,0,0,1,1,1,1
16.85,16.85,-1,-1,0,0,1,1,1,1
16.9,16.9,-1,-1,0,0,1,1,1,1
16.95,16.95,-1,-1,0,0,1,1,1,1
17,17,-1,-1,0,0,1,1,1,1
17.05,17.05,-1,-1,0,0,1,1,1,1
17.1,17.1,-1,-0,0,0,1,1,1,1
17.15,17.15,-1,0,0,0,1,1,1,1
17.2,17.2,-1,-1,0,0,1,1,1,1
17.25,17.25,-1,-0,0,0,1,1,1,1
17.3,17.3,-1,0,0,0,1,1,1,1
17.35,17.35,-1,0,0,0,1,1,1,1
17.4,17.4,-1,-1,0,0,1,1,1,1
17.45,17.45,-1,-1,0,0,1,1,1,1
17.5,17.5,-1,-1,0,0,1,1,1,1
17.55,17.55,-1,-1,0,0,1,0,1,1
17.6,17.6,-1,-1,0,0,1,0,1,1
17.65,17.65,-1,-1,0,0,1,0,1,1
17.7,17.7,-1,-1,0,0,1,0,1,1
17.75,17.75,-1,-1,0,0,1,0,1,1
17.8,17.8,-1,-1,0,0,1,0,1,1
17.85,17.85,-1,-1,0,0,1,0,1,1
17.9,17.9,-1,-1,0,0,1,0,1,1
17.95,17.95,-1,-1,0,0,1,0,1,1
18,18,-0,-1,-0,0,1,0,1,1
18.05,18.05,0,-1,-1,0,0,1,-1,1
18.1,18.1,0,-1,-1,0,0,1,-1,-1
18.15,18.15,0,-1,-1,0,0,1,-1,-1
18.2,18.2,0,-1,-1,0,0,1,-1,-1
18.25,18.25,0,-1,-1,0,0,1,-1,1
18.3,18.3,0,-1,-1,0,0,0,-1,1
18.35,18.35,0,-1,-1,0,0,0,-1,1
18.4,18.4,0,-1,-1,0,0,0,-1,1
18.45,18.45,0,-1,-1,0,0,0,-1,1
18.5,18.5,0,-1,-1,0,0,0,-1,1
18.55,18.55,0,-1,-1,0,0,0,-1,1
18.6,18.6,0,-1,-1,0,0,0,-1,0
18.65,18.65,0,-1,-1,0,0,0,-1,0
18.7,18.7,0,-1,-1,0,0,0,-1,0
18.75,18.75,0,-1,-1,0,0,0,-1,0
18.8,18.8,0,-1,-1,0,0,0,-1,0
18.85,18.85,0,-1,-1,0,0,0,-1,0
18.9,18.9,0,1,-1,0,0,0,-1,0
18.95,18.95,0,1,-1,0,0,0,-1,0
19,19,0,1,-1,0,0,0,-1,0
19.05,19.05,0,1,-1,0,0,0,-1,0
19.1,19.1,0,0,-1,0,0,0,-1,0
19.15,19.15,0,0,-1,0,0,0,-1,0
19.2,19.2,0,0,-1,0,0,0,-1,0
19.25,19.25,0,-1,-1,0,0,0,-1,-1
19.3,19.3,0,-1,-1,0,0,0,-1,-1
19.35,19.35,0,-0,-1,-1,0,0,-1,-1
19.4,19.4,0,0,-1,-1,0,0,-1,-1
19.45,19.45,0,-1,-1,-1,0,0,-1,-1
19.5,19.5,0,-1,-1,-1,0,0,-1,-1
19.55,19.55,0,-1,-1,-1,0,0,-1,-1
19.6,19.6,0,-1,-1,-1,0,0,-1,-1
19.65,19.65,0,1,-1,-1,0,0,-1,-1
19.7,19.7,0,-1,-1,-1,0,0,-1,-1
19.75,19.75,0,-1,-1,-1,0,0,-1,-1
19.8,19.8,0,-1,-1,-1,0,0,-1,-1
19.85,19.85,0,-1,-1,-1,0,0,-1,-1
19.9,19.9,0,-1,-1,-1,0,0,-1,-1
19.95,19.95,0,-1,-1,-1,0,0,-1,-1
20,20,0,-1,-1,-1,0,0,-1,-1
20.05,20.05,0,-0,-1,-1,0,0,-1,-1
20.1,20.1,0,0,-1,-1,0,0,-1,-1
20.15,20.15,0,0,-1,-1,0,0,-1,-1
20.2,20.2,0,-1,-1,-1,0,0,-1,-1
20.25,20.25,0,0,-1,-1,0,0,-1,-1
20.3,20.3,0,0,-1,-1,0,0,-1,-1
20.35,20.35,0,0,-1,-1,0,0,-1,-1
20.4,20.4,0,-1,-1,-1,0,0,-1,-1
20.45,20.45,0,-0,-1,-1,0,0,-1,-1
20.5,20.5,0,0,-1,-1,0,0,-1,-1
20.55,20.55,0,0,-1,-1,0,0,-1,-1
20.6,20.6,0,-1,-1,-1,0,0,-1,-1
20.65,20.65,0,-1,-1,-1,0,0,-1,0
20.7,20.7,0,-1,-1,-1,0,0,-1,0
20.75,20.75,0,-0,-1,-1,0,0,-1,0
20.8,20.8,0,-1,-1,-1,0,0,-1,0
20.85,20.85,0,-1,-1,-1,0,0,-1,0
20.9,20.9,0,-1,-1,-1,0,0,-1,-1
20.95,20.95,0,-1,-1,-1,0,0,-1,0
21,21,0,-1,-0,-1,1,0,-1,0
21.05,21.05,-1,-1,0,-1,1,0,1,-1
21.1,21.1,-1,-1,0,-1,1,0,1,-1
21.15,21.15,-1,-1,0,-1,1,0,1,-1
21.2,21.2,-1,-0,0,-1,1,0,1,-1
21.25,21.25,-1,0,0,-1,1,0,1,-1
21.3,21.3,-1,-1,0,-1,1,0,1,-1
21.35,21.35,-1,-0,0,-1,1,0,1,-1
21.4,21.4,-1,0,0,-1,1,0,1,0
21.45,21.45,-1,0,0,-1,1,0,1,0
21.5,21.5,-1,-1,0,-1,1,0,1,0
21.55,21.55,-1,-0,0,-1,1,0,1,0
21.6,21.6,-1,0,0,-1,1,0,1,0
21.65,21.65,-1,0,0,-1,1,0,1,0
21.7,21.7,-1,0,0,-1,1,0,1,0
21.75,21.75,-1,0,0,-1,1,1,1,0
21.8,21.8,-1,-0,0,-1,1,1,1,1
21.85,21.85,-1,-1,0,-1,1,1,1,1
21.9,21.9,-1,-1,0,-1,1,1,1,1
21.95,21.95,-1,-1,0,-1,1,1,1,1
22,22,-1,-1,0,-1,1,1,1,1
22.05,22.05,-1,-1,0,-0,1,1,1,1
22.1,22.1,-1,-1,0,1,1,1,1,1
22.15,22.15,-1,-1,0,-1,1,1,1,1
22.2,22.2,-1,-1,0,-1,1,1,1,1
22.25,22.25,-1,-1,0,-1,1,1,1,1
22.3,22.3,-1,-1,0,1,1,1,1,1
22.35,22.35,-1,-1,0,1,1,1,1,1
22.4,22.4,-1,0,0,1,1,1,1,1
22.45,22.45,-1,-0,0,-1,1,1,1,1
22.5,22.5,-1,-1,0,-1,1,1,1,1
22.55,22.55,-1,-0,0,1,1,1,1,1
22.6,22.6,-1,-1,0,1,1,1,1,1
22.65,22.65,-1,-1,0,-1,1,1,1,1
22.7,22.7,-1,-1,0,-1,1,1,1,1
22.75,22.75,-1,-1,0,1,1,0,1,-1
22.8,22.8,-1,-1,0,1,1,0,1,-1
22.85,22.85,-1,-1,0,-1,1,0,1,-1
22.9,22.9,-1,-1,0,-1,1,1,1,-1
22.95,22.95,-1,-1,0,-1,1,0,1,-1
23,23,-1,-1,0,-1,1,0,1,1
23.05,23.05,-1,-1,0,-1,1,0,1,1
23.1,23.1,-1,-1,0,-1,1,0,1,1
23.15,23.15,-1,-0,0,-1,1,1,1,1
23.2,23.2,-1,-1,0,-1,1,1,1,1
23.25,23.25,-1,-1,0,-0,1,1,1,1
23.3,23.3,-1,-1,0,-1,1,1,1,1
23.35,23.35,-1,-1,0,0,1,1,1,1
23.4,23.4,-1,-1,0,0,1,1,1,1
23.45,23.45,-1,-1,0,-0,1,1,1,1
23.5,23.5,-1,-1,0,-1,1,1,1,1
23.55,23.55,-1,-1,0,-0,1,1,1,1
23.6,23.6,-1,-1,0,0,1,1,1,1
23.65,23.65,-1,-0,0,0,1,1,1,1
23.7,23.7,-1,0,0,-1,1,1,1,1
23.75,23.75,-1,-1,0,-1,1,1,1,1
23.8,23.8,-1,-0,0,-0,1,1,1,1
23.85,23.85,-1,0,0,-1,1,1,1,1
23.9,23.9,-1,0,0,-1,1,0,1,1
23.95,23.95,-1,0,0,-1,1,0,1,1
24,24,-1,-1,0,-1,0,1,1,1
24.05,24.05,-0,-0,1,1,-1,1,0,1
24.1,24.1,0,0,1,1,-1,1,0,1
24.15,24.15,0,0,1,1,-1,1,0,1
24.2,24.2,0,-1,1,-1,-1,1,0,1
24.25,24.25,0,-1,1,-1,-1,1,0,1
24.3,24.3,0,-1,1,1,-1,1,0,1
24.35,24.35,0,-1,1,-1,-1,1,0,1
24.4,24.4,0,-1,1,-1,-1,1,0,1
24.45,24.45,0,-1,1,-1,-1,1,0,1
24.5,24.5,0,-1,1,-1,-1,1,0,1
24.55,24.55,0,-1,1,1,-1,1,0,1
24.6,24.6,0,-1,1,-1,-1,1,0,1
24.65,24.65,0,-1,1,-1,-1,1,0,1
24.7,24.7,0,-1,1,-1,-1,1,0,0
24.75,24.75,0,-1,1,1,-1,0,0,0
24.8,24.8,0,-0,1,-1,-1,0,0,0
24.85,24.85,0,-1,1,1,-1,-1,0,0
24.9,24.9,0,-1,1,1,-1,-1,0,0
24.95,24.95,0,-1,1,1,-1,-1,0,0
25,25,0,1,1,1,-1,-1,0,0
25.05,25.05,0,1,1,1,-1,-1,0,0
25.1,25.1,0,1,1,1,-1,-1,0,0
25.15,25.15,0,-1,1,1,-1,-1,0,0
25.2,25.2,0,-1,1,1,-1,-1,0,0
25.25,25.25,0,0,1,1,-1,-1,0,0
25.3,25.3,0,0,1,1,-1,-1,0,0
25.35,25.35,0,0,1,1,-1,-1,0,0
25.4,25.4,0,0,1,1,-1,-1,0,0
25.45,25.45,0,0,1,1,-1,0,0,0
25.5,25.5,0,0,1,1,-1,0,0,0
25.55,25.55,0,0,1,1,-1,0,0,0
25.6,25.6,0,0,1,1,-1,0,0,0
25.65,25.65,0,0,1,1,-1,0,0,0
25.7,25.7,0,0,1,1,-1,0,0,0
25.75,25.75,0,0,1,1,-1,0,0,0
25.8,25.8,0,-0,1,1,-1,0,0,0
25.85,25.85,0,-1,1,1,-1,0,0,0
25.9,25.9,0,0,1,1,-1,0,0,0
25.95,25.95,0,0,1,1,-1,0,0,0
26,26,0,-0,1,1,-1,0,0,0
26.05,26.05,0,-1,1,1,-1,0,0,0
26.1,26.1,0,0,1,1,-1,0,0,0
26.15,26.15,0,0,1,0,-1,0,0,0
26.2,26.2,0,1,1,-1,-1,0,0,0
26.25,26.25,0,1,1,-1,-1,0,0,0
26.3,26.3,0,1,1,-1,-1,0,0,0
26.35,26.35,0,0,1,1,-1,0,0,0
26.4,26.4,0,0,1,1,-1,0,0,0
26.45,26.45,0,0,1,-1,-1,0,0,0
26.5,26.5,0,1,1,1,-1,0,0,0
26.55,26.55,0,0,1,1,-1,0,0,0
26.6,26.6,0,0,1,1,-1,0,0,0
26.65,26.65,0,0,1,1,-1,0,0,0
26.7,26.7,0,0,1,1,-1,0,0,0
26.75,26.75,0,0,1,1,-1,0,0,0
26.8,26.8,0,0,1,1,-1,0,0,0
26.85,26.85,0,0,1,1,-1,0,0,0
26.9,26.9,0,0,1,1,-1,0,0,0
26.95,26.95,0,0,1,1,-1,0,0,0
27,27,0,0,0,1,-1,0,0,0
27.05,27.05,-1,0,-1,1,0,0,1,0
27.1,27.1,-1,0,-1,1,0,0,1,0
27.15,27.15,-1,0,-1,1,0,0,1,0
27.2,27.2,-1,0,-1,1,0,0,1,0
27.25,27.25,-1,0,-1,1,0,0,1,0
27.3,27.3,-1,0,-1,1,0,0,1,0
27.35,27.35,-1,0,-1,1,0,0,1,0
27.4,27.4,-1,0,-1,1,0,0,1,0
27.45,27.45,-1,0,-1,1,0,0,1,0
27.5,27.5,-1,0,-1,1,0,0,1,0
27.55,27.55,-1,0,-1,1,0,0,1,0
27.6,27.6,-1,0,-1,1,0,0,1,0
27.65,27.65,-1,0,-1,1,0,0,1,0
27.7,27.7,-1,0,-1,1,0,0,1,0
27.75,27.75,-1,0,-1,1,0,0,1,0
27.8,27.8,-1,0,-1,1,0,0,1,1
27.85,27.85,-1,0,-1,1,0,0,1,1
27.9,27.9,-1,0,-1,1,0,0,1,1
27.95,27.95,-1,0,-1,0,0,0,1,1
28,28,-1,-0,-1,0,0,0,1,1
28.05,28.05,-1,-1,-1,0,0,0,1,1
28.1,28.1,-1,-1,-1,0,0,0,1,1
28.15,28.15,-1,-1,-1,0,0,0,1,1
28.2,28.2,-1,-1,-1,0,0,0,1,1
28.25,28.25,-1,-1,-1,0,0,0,1,1
28.3,28.3,-1,-1,-1,0,0,0,1,1
28.35,28.35,-1,-1,-1,0,0,0,1,1
28.4,28.4,-1,-1,-1,-1,0,0,1,1
28.45,28.45,-1,-1,-1,-1,0,0,1,1
28.5,28.5,-1,-1,-1,-0,0,0,1,1
28.55,28.55,-1,-1,-1,0,0,0,1,1
28.6,28.6,-1,-1,-1,0,0,0,1,1
28.65,28.65,-1,-1,-1,-1,0,0,1,1
28.7,28.7,-1,-1,-1,-0,0,0,1,1
28.75,28.75,-1,-1,-1,0,0,0,1,1
28.8,28.8,-1,-1,-1,-1,0,0,1,1
28.85,28.85,-1,-1,-1,-1,0,0,1,1
28.9,28.9,-1,-1,-1,-1,0,0,1,1
28.95,28.95,-1,-1,-1,-1,0,0,1,1
29,29,-1,-1,-1,-1,0,0,1,1
29.05,29.05,-1,-1,-1,-1,0,0,1,1
29.1,29.1,-1,-1,-1,-1,0,0,1,1
29.15,29.15,-1,-1,-1,-1,0,0,1,1
29.2,29.2,-1,-1,-1,-1,0,0,1,1
29.25,29.25,-1,-1,-1,-1,0,0,1,1
29.3,29.3,-1,-1,-1,-1,0,0,1,1
29.35,29.35,-1,-1,-1,-1,0,0,1,1
29.4,29.4,-1,-1,-1,-1,0,0,1,1
29.45,29.45,-1,-1,-1,-1,0,0,1,1
29.5,29.5,-1,-1,-1,-1,0,0,1,1
29.55,29.55,-1,-1,-1,-1,0,0,1,1
29.6,29.6,-1,-1,-1,-1,0,0,1,1
29.65,29.65,-1,-1,-1,-1,0,0,1,1
29.7,29.7,-1,-1,-1,-1,0,0,1,1
29.75,29.75,-1,-1,-1,-1,0,0,1,1
29.8,29.8,-1,-1,-1,-1,0,0,1,1
29.85,29.85,-1,-1,-1,-1,0,0,1,1
29.9,29.9,-1,-1,-1,-1,0,0,1,1
29.95,29.95,-1,-1,-1,-1,0,0,1,1
30,30,-1,-1,-1,-1,1,0,1,1
30.05,30.05,-0,-1,-1,-1,1,0,0,1
30.1,30.1,0,-1,0,-1,1,0,0,1
30.15,30.15,0,-1,0,-1,1,0,0,1
30.2,30.2,0,-1,0,-1,1,0,0,1
30.25,30.25,0,-1,0,-1,1,0,0,1
30.3,30.3,0,-1,0,-1,1,0,0,1
30.35,30.35,0,-1,0,-0,1,0,0,1
30.4,30.4,0,-1,0,-1,1,0,0,1
30.45,30.45,0,-1,0,-1,1,0,0,1
30.5,30.5,0,-1,0,-1,1,0,0,1
30.55,30.55,0,-1,0,-1,1,0,0,0
30.6,30.6,0,-1,0,-1,1,0,0,0
30.65,30.65,0,1,0,-1,1,0,0,0
30.7,30.7,0,1,0,-1,1,0,0,0
30.75,30.75,0,1,0,-1,1,0,0,0
30.8,30.8,0,1,0,-1,1,0,0,0
30.85,30.85,0,1,0,-1,1,1,0,0
30.9,30.9,0,1,0,-1,1,1,0,0
30.95,30.95,0,1,0,-1,1,1,0,0
31,31,0,0,0,0,1,1,0,0
31.05,31.05,0,-1,0,-0,1,1,0,0
31.1,31.1,0,-1,0,-1,1,1,0,0
31.15,31.15,0,-0,0,0,1,1,0,0
31.2,31.2,0,-1,0,1,1,1,0,0
31.25,31.25,0,-1,0,-0,1,1,0,0
31.3,31.3,0,0,0,-1,1,1,0,0
31.35,31.35,0,1,0,-1,1,1,0,0
31.4,31.4,0,1,0,-1,1,1,0,0
31.45,31.45,0,-1,0,-0,1,1,0,0
31.5,31.5,0,-1,0,-0,1,1,0,0
31.55,31.55,0,1,0,-0,1,1,0,0
31.6,31.6,0,0,0,1,1,1,0,0
31.65,31.65,0,-1,0,0,1,1,0,0
31.7,31.7,0,-1,0,0,1,1,0,0
31.75,31.75,0,-1,0,0,1,1,0,0
31.8,31.8,0,0,0,0,1,1,0,0
31.85,31.85,0,-1,0,1,1,0,0,0
31.9,31.9,0,-1,0,1,1,0,0,0
31.95,31.95,0,-1,0,-0,1,0,0,0
32,32,0,-1,0,-0,1,0,0,0
32.05,32.05,0,-1,0,0,1,0,0,0
32.1,32.1,0,-1,0,0,1,1,0,0
32.15,32.15,0,-1,0,-1,1,0,0,0
32.2,32.2,0,-1,0,-1,1,1,0,0
32.25,32.25,0,-1,0,-0,1,1,0,0
32.3,32.3,0,0,0,1,1,1,0,0
32.35,32.35,0,0,0,1,1,1,0,0
32.4,32.4,0,0,0,-0,1,1,0,0
32.45,32.45,0,0,0,1,1,0,0,0
32.5,32.5,0,0,0,1,1,0,0,0
32.55,32.55,0,-0,0,1,1,0,0,0
32.6,32.6,0,-1,0,1,1,0,0,0
32.65,32.65,0,0,0,-1,1,0,0,0
32.7,32.7,0,0,0,-1,1,0,0,0
32.75,32.75,0,-0,0,1,1,0,0,0
32.8,32.8,0,-1,0,1,1,1,0,0
32.85,32.85,0,-1,0,-1,1,0,0,0
32.9,32.9,0,0,0,-1,1,1,0,0
32.95,32.95,0,0,0,-1,1,0,0,0
33,33,0,-0,0,1,0,0,0,0
33.05,33.05,0,-1,-0,0,0,1,-1,0
33.1,33.1,1,-1,-1,-1,0,1,-1,0
33.15,33.15,1,0,-1,-0,0,0,-1,0
33.2,33.2,1,0,-1,1,0,1,-1,0
33.25,33.25,1,-1,-1,1,0,1,-1,0
33.3,33.3,1,-1,-1,0,0,1,-1,0
33.35,33.35,1,-1,-1,-0,0,1,-1,0
33.4,33.4,1,-1,-1,1,0,1,-1,0
33.45,33.45,1,-1,-1,0,0,1,-1,0
33.5,33.5,1,-1,-1,-1,0,1,-1,0
33.55,33.55,1,-1,-1,-1,0,1,-1,0
33.6,33.6,1,-0,-1,0,0,0,-1,0
33.65,33.65,1,-1,-1,1,0,0,-1,0
33.7,33.7,1,-1,-1,-0,0,0,-1,0
33.75,33.75,1,-1,-1,-1,0,0,-1,0
33.8,33.8,1,-0,-1,-1,0,0,-1,0
33.85,33.85,1,0,-1,0,0,0,-1,0
33.9,33.9,1,-1,-1,1,0,0,-1,0
33.95,33.95,1,0,-1,-0,0,0,-1,1
34,34,1,1,-1,-1,0,0,-1,1
34.05,34.05,1,1,-1,-1,0,0,-1,1
34.1,34.1,1,1,-1,1,0,0,-1,1
34.15,34.15,1,1,-1,-1,0,0,-1,1
34.2,34.2,1,1,-1,-1,0,0,-1,1
34.25,34.25,1,1,-1,-1,0,0,-1,1
34.3,34.3,1,1,-1,-1,0,0,-1,-0
34.35,34.35,1,1,-1,-1,0,0,-1,-1
34.4,34.4,1,1,-1,-1,0,0,-1,-1
34.45,34.45,1,1,-1,-1,0,0,-1,-1
34.5,34.5,1,1,-1,-1,0,0,-1,-1
34.55,34.55,1,1,-1,-1,0,0,-1,-1
34.6,34.6,1,-1,-1,-1,0,0,-1,-1
34.65,34.65,1,1,-1,-1,0,0,-1,-1
34.7,34.7,1,1,-1,-1,0,0,-1,-1
34.75,34.75,1,1,-1,-1,0,0,-1,-1
34.8,34.8,1,1,-1,-1,0,0,-1,-1
34.85,34.85,1,1,-1,-1,0,0,-1,-1
34.9,34.9,1,1,-1,-1,0,0,-1,-1
34.95,34.95,1,1,-1,-1,0,0,-1,-1
35,35,1,1,-1,-1,0,0,-1,-1
35.05,35.05,1,1,-1,-1,0,0,-1,-1
35.1,35.1,1,1,-1,-1,0,0,-1,-1
35.15,35.15,1,1,-1,-1,0,0,-1,-1
35.2,35.2,1,1,-1,-1,0,0,-1,-1
35.25,35.25,1,1,-1,-1,0,0,-1,-1
35.3,35.3,1,1,-1,-1,0,0,-1,-1
35.35,35.35,1,1,-1,-1,0,0,-1,-1
35.4,35.4,1,1,-1,-1,0,0,-1,-1
35.45,35.45,1,1,-1,-1,0,0,-1,-1
35.5,35.5,1,1,-1,-1,0,0,-1,-1
35.55,35.55,1,1,-1,-1,0,0,-1,-1
35.6,35.6,1,1,-1,-1,0,0,-1,-1
35.65,35.65,1,1,-1,-1,0,0,-1,0
35.7,35.7,1,1,-1,-1,0,0,-1,-0
35.75,35.75,1,1,-1,-1,0,0,-1,-1
35.8,35.8,1,1,-1,-1,0,0,-1,-1
35.85,35.85,1,1,-1,-1,0,0,-1,-1
35.9,35.9,1,1,-1,-1,0,0,-1,-1
35.95,35.95,1,1,-1,-1,0,0,-1,-1
36,36,1,1,-1,-1,-0,0,-1,-1
36.05,36.05,1,1,-1,-1,-1,0,-1,-1
36.1,36.1,-1,1,0,-1,-1,0,0,-1
36.15,36.15,-1,1,0,-1,-1,0,0,-1
36.2,36.2,-1,1,0,-1,-1,0,0,-1
36.25,36.25,-1,1,0,-1,-1,0,0,-1
36.3,36.3,-1,1,0,-0,-1,0,0,0
36.35,36.35,-1,1,0,-1,-1,0,0,0
36.4,36.4,-1,1,0,-1,-1,0,0,0
36.45,36.45,-1,1,0,-1,-1,0,0,0
36.5,36.5,-1,1,0,-1,-1,0,0,-0
36.55,36.55,-1,1,0,-0,-1,0,0,-1
36.6,36.6,-1,1,0,0,-1,0,0,-1
36.65,36.65,-1,1,0,-1,-1,0,0,-0
36.7,36.7,-1,1,0,-1,-1,0,0,-1
36.75,36.75,-1,1,0,0,-1,0,0,-0
36.8,36.8,-1,1,0,1,-1,0,0,0
36.85,36.85,-1,1,0,1,-1,-1,0,0
36.9,36.9,-1,1,0,1,-1,-1,0,0
36.95,36.95,-1,1,0,1,-1,-1,0,0
37,37,-1,0,0,1,-1,-1,0,0
37.05,37.05,-1,1,0,1,-1,-1,0,0
37.1,37.1,-1,1,0,1,-1,-1,0,0
37.15,37.15,-1,0,0,0,-1,-1,0,0
37.2,37.2,-1,-1,0,1,-1,-1,0,0
37.25,37.25,-1,-1,0,-0,-1,-1,0,0
37.3,37.3,-1,-1,0,-1,-1,-1,0,0
37.35,37.35,-1,-1,0,-1,-1,-1,0,0
37.4,37.4,-1,-1,0,0,-1,-1,0,0
37.45,37.45,-1,-1,0,1,-1,-1,0,0
37.5,37.5,-1,-1,0,-1,-1,0,0,0
37.55,37.55,-1,-1,0,-1,-1,0,0,0
37.6,37.6,-1,-1,0,-1,-1,0,0,0
37.65,37.65,-1,-1,0,1,-1,0,0,0
37.7,37.7,-1,-1,0,1,-1,0,0,0
37.75,37.75,-1,-1,0,1,-1,0,0,0
37.8,37.8,-1,-1,0,1,-1,0,0,0
37.85,37.85,-1,-1,0,1,-1,0,0,0
37.9,37.9,-1,-1,0,1,-1,0,0,0
37.95,37.95,-1,-1,0,1,-1,0,0,0
38,38,-1,-1,0,-1,-1,0,0,0
38.05,38.05,-1,-1,0,1,-1,0,0,0
38.1,38.1,-1,-1,0,1,-1,0,0,0
38.15,38.15,-1,-1,0,0,-1,0,0,0
38.2,38.2,-1,-1,0,-1,-1,0,0,0
38.25,38.25,-1,-1,0,-1,-1,0,0,0
38.3,38.3,-1,-1,0,0,-1,0,0,0
38.35,38.35,-1,-1,0,1,-1,0,0,0
38.4,38.4,-1,-1,0,1,-1,0,0,0
38.45,38.45,-1,-1,0,1,-1,0,0,0
38.5,38.5,-1,-0,0,1,-1,0,0,0
38.55,38.55,-1,-1,0,1,-1,0,0,0
38.6,38.6,-1,-1,0,1,-1,0,0,0
38.65,38.65,-1,-1,0,1,-1,0,0,0
38.7,38.7,-1,-1,0,-0,-1,0,0,0
38.75,38.75,-1,-1,0,1,-1,0,0,0
38.8,38.8,-1,-1,0,1,-1,0,0,0
38.85,38.85,-1,-1,0,0,-1,0,0,0
38.9,38.9,-1,-1,0,-1,-1,0,0,0
38.95,38.95,-1,-1,0,0,-1,0,0,0
39,39,-1,-1,0,1,-1,0,0,0
39.05,39.05,-0,-0,0,1,-0,0,1,0
39.1,39.1,0,0,1,1,0,0,1,0
39.15,39.15,0,0,1,1,0,0,1,0
39.2,39.2,0,-1,1,1,0,0,1,0
39.25,39.25,0,-0,1,1,0,0,1,0
39.3,39.3,0,0,1,-1,0,0,1,0
39.35,39.35,0,0,1,0,0,0,1,0
39.4,39.4,0,-1,1,0,0,0,1,0
39.45,39.45,0,-1,1,1,0,0,1,0
39.5,39.5,0,-1,1,-1,0,0,1,0
39.55,39.55,0,-1,1,0,0,0,1,0
39.6,39.6,0,-1,1,-0,0,0,1,0
39.65,39.65,0,-1,1,-1,0,0,1,0
39.7,39.7,0,-1,1,1,0,0,1,1
39.75,39.75,0,-1,1,1,0,0,1,1
39.8,39.8,0,-0,1,-0,0,0,1,1
39.85,39.85,0,1,1,1,0,0,1,1
39.9,39.9,0,1,1,1,0,0,1,1
39.95,39.95,0,1,1,1,0,0,1,1
40,40,0,1,1,1,0,0,1,1
40.05,40.05,0,1,1,1,0,0,1,1
40.1,40.1,0,1,1,1,0,0,1,1
40.15,40.15,0,1,1,1,0,0,1,1
40.2,40.2,0,1,1,1,0,0,1,1
40.25,40.25,0,1,1,1,0,0,1,1
40.3,40.3,0,1,1,1,0,0,1,1
40.35,40.35,0,-1,1,1,0,0,1,1
40.4,40.4,0,-1,1,1,0,0,1,1
40.45,40.45,0,0,1,1,0,0,1,1
40.5,40.5,0,0,1,1,0,0,1,1
40.55,40.55,0,-1,1,1,0,0,1,1
40.6,40.6,0,-1,1,1,0,0,1,1
40.65,40.65,0,-0,1,1,0,0,1,1
40.7,40.7,0,1,1,1,0,0,1,1
40.75,40.75,0,0,1,1,0,0,1,1
40.8,40.8,0,-1,1,1,0,0,1,1
40.85,40.85,0,-1,1,1,0,0,1,1
40.9,40.9,0,-0,1,1,0,0,1,1
40.95,40.95,0,0,1,1,0,0,1,1
41,41,0,-1,1,1,0,0,1,1
41.05,41.05,0,-1,1,1,0,0,1,1
41.1,41.1,0,-0,1,1,0,0,1,1
41.15,41.15,0,1,1,1,0,0,1,1
41.2,41.2,0,1,1,1,0,0,1,1
41.25,41.25,0,-1,1,1,0,0,1,1
41.3,41.3,0,-1,1,1,0,0,1,1
41.35,41.35,0,-0,1,1,0,0,1,1
41.4,41.4,0,0,1,1,0,0,1,1
41.45,41.45,0,-1,1,1,0,0,1,1
41.5,41.5,0,-1,1,1,0,0,1,1
41.55,41.55,0,-1,1,1,0,0,1,1
41.6,41.6,0,-0,1,1,0,0,1,1
41.65,41.65,0,0,1,1,0,0,1,1
41.7,41.7,0,-1,1,1,0,0,1,1
41.75,41.75,0,-1,1,1,0,0,1,1
41.8,41.8,0,-0,1,1,0,0,1,1
41.85,41.85,0,-0,1,1,0,0,1,1
41.9,41.9,0,-1,1,1,0,0,1,1
41.95,41.95,0,-1,1,1,0,0,1,1
42,42,0,0,1,1,-0,0,1,1
42.05,42.05,0,1,1,1,-1,0,1,1
42.1,42.1,-1,-0,1,1,-1,0,-1,1
42.15,42.15,-1,-1,0,1,-1,0,-1,1
42.2,42.2,-1,-1,0,1,-1,0,-1,1
42.25,42.25,-1,0,0,1,-1,0,-1,1
42.3,42.3,-1,-0,0,1,-1,0,-1,1
42.35,42.35,-1,-1,0,1,-1,0,-1,1
42.4,42.4,-1,-1,0,1,-1,0,-1,1
42.45,42.45,-1,0,0,1,-1,0,-1,1
42.5,42.5,-1,1,0,1,-1,0,-1,1
42.55,42.55,-1,-1,0,1,-1,0,-1,1
42.6,42.6,-1,-1,0,1,-1,0,-1,1
42.65,42.65,-1,-1,0,1,-1,0,-1,1
42.7,42.7,-1,-1,0,1,-1,-0,-1,1
42.75,42.75,-1,-1,0,1,-1,-1,-1,0
42.8,42.8,-1,-1,0,1,-1,-1,-1,0
42.85,42.85,-1,-0,0,1,-1,-1,-1,0
42.9,42.9,-1,0,0,1,-1,-1,-1,0
42.95,42.95,-1,0,0,1,-1,-1,-1,0
43,43,-1,-0,0,1,-1,-1,-1,0
43.05,43.05,-1,-1,0,0,-1,-1,-1,0
43.1,43.1,-1,-1,0,0,-1,-1,-1,0
43.15,43.15,-1,-1,0,0,-1,-1,-1,-1
43.2,43.2,-1,-1,0,0,-1,-0,-1,-1
43.25,43.25,-1,-1,0,0,-1,0,-1,-1
43.3,43.3,-1,-1,0,0,-1,0,-1,-1
43.35,43.35,-1,-1,0,0,-1,0,-1,-1
43.4,43.4,-1,-1,0,-0,-1,0,-1,-1
43.45,43.45,-1,-1,0,-1,-1,0,-1,-1
43.5,43.5,-1,-1,0,-1,-1,0,-1,-1
43.55,43.55,-1,-1,0,0,-1,0,-1,-1
43.6,43.6,-1,-1,0,0,-1,0,-1,-1
43.65,43.65,-1,-1,0,-0,-1,0,-1,-1
43.7,43.7,-1,-1,0,-1,-1,0,-1,-1
43.75,43.75,-1,-1,0,0,-1,0,-1,-1
43.8,43.8,-1,-1,0,0,-1,0,-1,-1
43.85,43.85,-1,-1,0,0,-1,0,-1,-1
43.9,43.9,-1,-1,0,0,-1,0,-1,-1
43.95,43.95,-1,-1,0,0,-1,0,-1,-1
44,44,-1,-1,0,0,-1,0,-1,-1
44.05,44.05,-1,-1,0,0,-1,0,-1,-1
44.1,44.1,-1,-1,0,0,-1,0,-1,-1
44.15,44.15,-1,-1,0,0,-1,0,-1,-1
44.2,44.2,-1,-1,0,0,-1,0,-1,-1
44.25,44.25,-1,-1,0,0,-1,0,-1,-1
44.3,44.3,-1,-1,0,0,-1,0,-1,-1
44.35,44.35,-1,-1,0,0,-1,0,-1,-1
44.4,44.4,-1,-1,0,0,-1,0,-1,-1
44.45,44.45,-1,-1,0,0,-1,0,-1,-1
44.5,44.5,-1,-1,0,0,-1,0,-1,-1
44.55,44.55,-1,-1,0,0,-1,0,-1,-1
44.6,44.6,-1,-1,0,0,-1,0,-1,-1
44.65,44.65,-1,-1,0,0,-1,0,-1,-1
44.7,44.7,-1,-1,0,0,-1,0,-1,0
44.75,44.75,-1,-1,0,0,-1,0,-1,-1
44.8,44.8,-1,-1,0,0,-1,0,-1,-1
44.85,44.85,-1,-1,0,0,-1,0,-1,-0
44.9,44.9,-1,-1,0,0,-1,0,-1,-1
44.95,44.95,-1,-1,0,0,-1,0,-1,-1
45,45,-1,-1,0,0,-1,0,-1,-1
45.05,45.05,-1,-1,0,0,-1,0,-1,-1
45.1,45.1,0,-1,-0,0,0,0,0,-1
45.15,45.15,0,-1,-1,0,0,0,0,-1
45.2,45.2,0,-1,-1,0,0,0,0,-1
45.25,45.25,0,-1,-1,0,0,0,0,-1
45.3,45.3,0,-1,-1,0,0,0,0,-1
45.35,45.35,0,-1,-1,0,0,0,0,-1
45.4,45.4,0,-1,-1,0,0,0,0,-1
45.45,45.45,0,-1,-1,0,0,0,0,-1
45.5,45.5,0,-1,-1,0,0,0,0,-1
45.55,45.55,0,-1,-1,0,0,0,0,-1
45.6,45.6,0,-1,-1,0,0,0,0,0
45.65,45.65,0,-1,-1,0,0,0,0,0
45.7,45.7,0,-1,-1,0,0,0,0,0
45.75,45.75,0,-1,-1,0,0,0,0,0
45.8,45.8,0,-1,-1,0,0,0,0,0
45.85,45.85,0,-1,-1,0,0,0,0,0
45.9,45.9,0,-1,-1,0,0,0,0,0
45.95,45.95,0,-0,-1,0,0,0,0,0
46,46,0,0,-1,0,0,0,0,0
46.05,46.05,0,0,-1,0,0,0,0,0
46.1,46.1,0,-1,-1,-0,0,0,0,0
46.15,46.15,0,-0,-1,-1,0,0,0,0
46.2,46.2,0,0,-1,-1,0,0,0,0
46.25,46.25,0,0,-1,-1,0,0,0,0
46.3,46.3,0,-1,-1,-1,0,0,0,0
46.35,46.35,0,-1,-1,-1,0,0,0,0
46.4,46.4,0,-0,-1,-1,0,0,0,0
46.45,46.45,0,0,-1,-1,0,0,0,0
46.5,46.5,0,-1,-1,-1,0,0,0,0
46.55,46.55,0,-1,-1,-1,0,0,0,0
46.6,46.6,0,-1,-1,-1,0,0,0,0
46.65,46.65,0,-1,-1,-1,0,0,0,0
46.7,46.7,0,-1,-1,-1,0,0,0,0
46.75,46.75,0,-1,-1,-1,0,0,0,0
46.8,46.8,0,-1,-1,-1,0,0,0,0
46.85,46.85,0,0,-1,-1,0,0,0,0
46.9,46.9,0,0,-1,-1,0,0,0,0
46.95,46.95,0,0,-1,-1,0,0,0,0
47,47,0,-1,-1,-1,0,0,0,0
47.05,47.05,0,-0,-1,-1,0,0,0,0
47.1,47.1,0,0,-1,-1,0,0,0,0
47.15,47.15,0,-0,-1,-1,0,0,0,0
47.2,47.2,0,-1,-1,-1,0,0,0,0
47.25,47.25,0,0,-1,-1,0,0,0,0
47.3,47.3,0,0,-1,-1,0,0,0,0
47.35,47.35,0,0,-1,-1,0,0,0,0
47.4,47.4,0,0,-1,-1,0,0,0,0
47.45,47.45,0,0,-1,-1,0,0,0,0
47.5,47.5,0,0,-1,-1,0,0,0,0
47.55,47.55,0,0,-1,-1,0,0,0,0
47.6,47.6,0,-0,-1,-1,0,0,0,0
47.65,47.65,0,-1,-1,-1,0,0,0,0
47.7,47.7,0,-1,-1,-1,0,0,0,0
47.75,47.75,0,0,-1,-1,0,0,0,0
47.8,47.8,0,-0,-1,-1,0,0,0,0
47.85,47.85,0,-1,-1,-1,0,0,0,0
47.9,47.9,0,-1,-1,-1,0,0,0,0
47.95,47.95,0,-1,-1,-1,0,0,0,0
48,48,0,-1,-1,-1,0,0,0,0
48.05,48.05,0,-1,-1,-1,0,0,-0,0
48.1,48.1,0,-1,-0,-1,1,0,-1,0
48.15,48.15,1,-0,1,-1,1,0,-1,0
48.2,48.2,1,1,1,-1,1,0,-1,0
48.25,48.25,1,0,1,0,1,0,-1,0
48.3,48.3,1,-1,1,0,1,0,-1,0
48.35,48.35,1,-1,1,-0,1,0,-1,0
48.4,48.4,1,-0,1,-0,1,0,-1,0
48.45,48.45,1,-1,1,0,1,0,-1,0
48.5,48.5,1,-1,1,0,1,0,-1,0
48.55,48.55,1,-1,1,-0,1,0,-1,0
48.6,48.6,1,-1,1,-1,1,0,-1,0
48.65,48.65,1,0,1,-1,1,1,-1,0
48.7,48.7,1,-0,1,-1,1,1,-1,0
48.75,48.75,1,-1,1,-1,1,1,-1,0
48.8,48.8,1,-1,1,-1,1,1,-1,0
48.85,48.85,1,1,1,-0,1,1,-1,0
48.9,48.9,1,1,1,0,1,1,-1,0
48.95,48.95,1,1,1,0,1,1,-1,0
49,49,1,1,1,-1,1,0,-1,0
49.05,49.05,1,1,1,-1,1,0,-1,0
49.1,49.1,1,1,1,-1,1,0,-1,0
49.15,49.15,1,1,1,-1,1,0,-1,0
49.2,49.2,1,1,1,-1,1,0,-1,0
49.25,49.25,1,1,1,-1,1,0,-1,0
49.3,49.3,1,1,1,1,1,0,-1,0
49.35,49.35,1,1,1,1,1,0,-1,0
49.4,49.4,1,1,1,1,1,0,-1,-1
49.45,49.45,1,1,1,1,1,0,-1,-1
49.5,49.5,1,1,1,1,1,0,-1,-1
49.55,49.55,1,1,1,1,1,0,-1,-1
49.6,49.6,1,-1,1,1,1,0,-1,-1
49.65,49.65,1,-1,1,1,1,0,-1,-1
49.7,49.7,1,1,1,1,1,0,-1,-1
49.75,49.75,1,1,1,1,1,0,-1,-1
49.8,49.8,1,1,1,1,1,0,-1,-1
49.85,49.85,1,-1,1,1,1,0,-1,-1
49.9,49.9,1,1,1,1,1,0,-1,-1
49.95,49.95,1,1,1,1,1,0,-1,-1
50,50,1,1,1,1,1,0,-1,-1
50.05,50.05,1,1,1,1,1,0,-1,-1
50.1,50.1,1,1,1,1,1,0,-1,-1
50.15,50.15,1,1,1,1,1,0,-1,-1
50.2,50.2,1,1,1,1,1,0,-1,-1
50.25,50.25,1,1,1,1,1,0,-1,-1
50.3,50.3,1,1,1,1,1,0,-1,-1
50.35,50.35,1,1,1,1,1,0,-1,-1
50.4,50.4,1,1,1,1,1,0,-1,-1
50.45,50.45,1,1,1,1,1,0,-1,-1
50.5,50.5,1,-1,1,1,1,0,-1,-1
50.55,50.55,1,-1,1,1,1,0,-1,-1
50.6,50.6,1,1,1,1,1,0,-1,-1
50.65,50.65,1,1,1,1,1,0,-1,-1
50.7,50.7,1,1,1,1,1,0,-1,-1
50.75,50.75,1,1,1,1,1,0,-1,-0
50.8,50.8,1,1,1,1,1,0,-1,-1
50.85,50.85,1,1,1,1,1,0,-1,0
50.9,50.9,1,1,1,1,1,0,-1,0
50.95,50.95,1,0,1,1,1,0,-1,0
51,51,1,0,1,0,1,0,-1,0
51.05,51.05,1,1,1,0,1,0,-1,0
51.1,51.1,0,1,1,0,-1,0,0,0
51.15,51.15,0,1,1,1,-1,0,0,0
51.2,51.2,0,1,0,1,-1,0,0,0
51.25,51.25,0,1,0,1,-1,0,0,0
51.3,51.3,0,1,0,1,-1,0,0,0
51.35,51.35,0,1,0,1,-1,0,0,0
51.4,51.4,0,1,0,1,-1,0,0,0
51.45,51.45,0,1,0,1,-1,0,0,0
51.5,51.5,0,1,0,1,-1,0,0,0
51.55,51.55,0,1,0,1,-1,0,0,0
51.6,51.6,0,1,0,1,-1,0,0,0
51.65,51.65,0,0,0,1,-1,0,0,0
51.7,51.7,0,0,0,1,-1,0,0,0
51.75,51.75,0,0,0,1,-1,0,0,0
51.8,51.8,0,0,0,1,-1,0,0,0
51.85,51.85,0,0,0,1,-1,0,0,0
51.9,51.9,0,0,0,1,-1,0,0,0
51.95,51.95,0,0,0,1,-1,0,0,0
52,52,0,0,0,1,-1,0,0,0
52.05,52.05,0,0,0,1,-1,-1,0,0
52.1,52.1,0,0,0,0,-1,-1,0,0
52.15,52.15,0,0,0,0,-1,-1,0,0
52.2,52.2,0,0,0,0,-1,-1,0,0
52.25,52.25,0,0,0,0,-1,-1,0,0
52.3,52.3,0,0,0,0,-1,-1,0,0
52.35,52.35,0,0,0,0,-1,-1,0,0
52.4,52.4,0,0,0,0,-1,-1,0,0
52.45,52.45,0,0,0,0,-1,-1,0,0
52.5,52.5,0,0,0,0,-1,-1,0,0
52.55,52.55,0,0,0,0,-1,-1,0,0
52.6,52.6,0,0,0,0,-1,-0,0,0
52.65,52.65,0,0,0,0,-1,0,0,0
52.7,52.7,0,0,0,0,-1,0,0,0
52.75,52.75,0,0,0,0,-1,0,0,0
52.8,52.8,0,0,0,0,-1,0,0,0
52.85,52.85,0,0,0,0,-1,0,0,0
52.9,52.9,0,0,0,0,-1,0,0,0
52.95,52.95,0,0,0,0,-1,0,0,0
53,53,0,0,0,0,-1,0,0,0
53.05,53.05,0,0,0,0,-1,0,0,0
53.1,53.1,0,0,0,0,-1,0,0,0
53.15,53.15,0,0,0,0,-1,0,0,0
53.2,53.2,0,0,0,0,-1,0,0,0
53.25,53.25,0,0,0,0,-1,0,0,0
53.3,53.3,0,0,0,0,-1,0,0,0
53.35,53.35,0,0,0,0,-1,0,0,0
53.4,53.4,0,0,0,0,-1,-1,0,0
53.45,53.45,0,0,0,0,-1,-1,0,0
53.5,53.5,0,0,0,0,-1,-1,0,0
53.55,53.55,0,0,0,0,-1,-1,0,0
53.6,53.6,0,0,0,0,-1,-1,0,0
53.65,53.65,0,0,0,0,-1,-1,0,0
53.7,53.7,0,0,0,0,-1,-1,0,0
53.75,53.75,0,0,0,0,-1,-1,0,0
53.8,53.8,0,0,0,0,-1,-1,0,0
53.85,53.85,0,0,0,0,-1,-1,0,0
53.9,53.9,0,0,0,0,-1,-1,0,0
53.95,53.95,0,0,0,0,-1,-1,0,0
54,54,0,0,0,0,-1,-1,0,0
54.05,54.05,0,0,0,0,-1,-1,0,0
54.1,54.1,0,0,0,0,0,-1,-1,0
54.15,54.15,1,0,0,0,0,-1,-1,0
54.2,54.2,1,0,1,0,0,-1,-1,0
54.25,54.25,1,0,1,0,0,-1,-1,0
54.3,54.3,1,0,1,0,0,-1,-1,0
54.35,54.35,1,0,1,0,0,-1,-1,0
54.4,54.4,1,0,1,0,0,-1,-1,0
54.45,54.45,1,0,1,0,0,-1,-1,0
54.5,54.5,1,0,1,0,0,-1,-1,0
54.55,54.55,1,0,1,0,0,-1,-1,0
54.6,54.6,1,0,1,0,0,0,-1,0
54.65,54.65,1,0,1,0,0,0,-1,0
54.7,54.7,1,0,1,0,0,0,-1,0
54.75,54.75,1,0,1,0,0,0,-1,0
54.8,54.8,1,0,1,0,0,0,-1,0
54.85,54.85,1,0,1,0,0,0,-1,0
54.9,54.9,1,0,1,0,0,0,-1,0
54.95,54.95,1,1,1,0,0,0,-1,0
55,55,1,1,1,1,0,0,-1,0
55.05,55.05,1,1,1,1,0,0,-1,0
55.1,55.1,1,1,1,1,0,0,-1,0
55.15,55.15,1,1,1,1,0,0,-1,0
55.2,55.2,1,1,1,1,0,0,-1,0
55.25,55.25,1,1,1,1,0,0,-1,0
55.3,55.3,1,1,1,1,0,0,-1,-1
55.35,55.35,1,1,1,1,0,0,-1,-1
55.4,55.4,1,1,1,1,0,0,-1,-1
55.45,55.45,1,1,1,1,0,0,-1,-1
55.5,55.5,1,1,1,1,0,0,-1,-1
55.55,55.55,1,0,1,1,0,0,-1,-1
55.6,55.6,1,0,1,1,0,0,-1,-1
55.65,55.65,1,1,1,1,0,0,-1,-1
55.7,55.7,1,1,1,1,0,0,-1,-1
55.75,55.75,1,-1,1,1,0,0,-1,-1
55.8,55.8,1,-1,1,1,0,0,-1,-1
55.85,55.85,1,1,1,1,0,0,-1,-1
55.9,55.9,1,-1,1,1,0,0,-1,-1
55.95,55.95,1,-1,1,1,0,0,-1,-1
56,56,1,-1,1,1,0,0,-1,-1
56.05,56.05,1,-1,1,1,0,0,-1,-1
56.1,56.1,1,1,1,1,0,0,-1,-1
56.15,56.15,1,1,1,1,0,0,-1,-1
56.2,56.2,1,1,1,1,0,0,-1,-1
56.25,56.25,1,1,1,1,0,0,-1,-1
56.3,56.3,1,1,1,1,0,0,-1,-1
56.35,56.35,1,1,1,1,0,0,-1,-1
56.4,56.4,1,1,1,1,0,0,-1,-1
56.45,56.45,1,-1,1,1,0,0,-1,-1
56.5,56.5,1,-1,1,1,0,0,-1,-1
56.55,56.55,1,1,1,1,0,0,-1,-1
56.6,56.6,1,1,1,0,0,0,-1,-1
56.65,56.65,1,-1,1,0,0,0,-1,-1
56.7,56.7,1,-1,1,1,0,0,-1,-1
56.75,56.75,1,1,1,0,0,0,-1,-1
56.8,56.8,1,1,1,0,0,0,-1,-1
56.85,56.85,1,1,1,0,0,0,-1,-1
56.9,56.9,1,-1,1,0,0,0,-1,-1
56.95,56.95,1,1,1,0,0,0,-1,-1
57,57,1,1,1,0,0,0,-1,-1
57.05,57.05,1,1,1,0,0,0,-1,-1
57.1,57.1,1,-1,1,0,-1,0,-0,-1
57.15,57.15,0,1,-1,0,-1,0,0,-1
57.2,57.2,0,1,-1,-1,-1,0,0,-1
57.25,57.25,0,1,-1,-1,-1,0,0,-1
57.3,57.3,0,1,-1,0,-1,0,0,-1
57.35,57.35,0,1,-1,1,-1,0,0,-1
57.4,57.4,0,1,-1,-0,-1,0,0,-1
57.45,57.45,0,1,-1,0,-1,0,0,-1
57.5,57.5,0,-1,-1,1,-1,0,0,-0
57.55,57.55,0,-0,-1,1,-1,0,0,0
57.6,57.6,0,0,-1,1,-1,0,0,0
57.65,57.65,0,1,-1,1,-1,0,0,0
57.7,57.7,0,1,-1,1,-1,0,0,0
57.75,57.75,0,-1,-1,1,-1,-0,0,0
57.8,57.8,0,-0,-1,-0,-1,-1,0,0
57.85,57.85,0,0,-1,-1,-1,-1,0,0
57.9,57.9,0,-1,-1,-1,-1,-1,0,0
57.95,57.95,0,-1,-1,-1,-1,-1,0,0
58,58,0,-1,-1,-1,-1,-1,0,0
58.05,58.05,0,-0,-1,-1,-1,-1,0,0
58.1,58.1,0,-1,-1,-1,-1,-1,0,0
58.15,58.15,0,-1,-1,-1,-1,-1,0,0
58.2,58.2,0,-1,-1,-1,-1,-1,0,0
58.25,58.25,0,0,-1,-1,-1,-1,0,0
58.3,58.3,0,0,-1,-1,-1,-1,0,0
58.35,58.35,0,0,-1,-1,-1,-1,0,0
58.4,58.4,0,0,-1,-1,-1,-1,0,0
58.45,58.45,0,0,-1,-1,-1,-1,0,0
58.5,58.5,0,0,-1,-1,-1,-1,0,0
58.55,58.55,0,0,-1,-1,-1,-0,0,0
58.6,58.6,0,0,-1,-1,-1,0,0,0
58.65,58.65,0,0,-1,-1,-1,0,0,0
58.7,58.7,0,0,-1,-1,-1,0,0,0
58.75,58.75,0,0,-1,-1,-1,-1,0,0
58.8,58.8,0,0,-1,-1,-1,-1,0,0
58.85,58.85,0,0,-1,-1,-1,-1,0,0
58.9,58.9,0,0,-1,-1,-1,-1,0,0
58.95,58.95,0,0,-1,-1,-1,-1,0,0
59,59,0,0,-1,-1,-1,-1,0,0
59.05,59.05,0,0,-1,-1,-1,-1,0,0
59.1,59.1,0,0,-1,-1,-1,-1,0,0
59.15,59.15,0,0,-1,-1,-1,-1,0,0
59.2,59.2,0,0,-1,-1,-1,-1,0,0
59.25,59.25,0,0,-1,-1,-1,-1,0,0
59.3,59.3,0,0,-1,-1,-1,-1,0,0
59.35,59.35,0,0,-1,-1,-1,-1,0,0
59.4,59.4,0,0,-1,-1,-1,-1,0,0
59.45,59.45,0,0,-1,-1,-1,-1,0,0
59.5,59.5,0,0,-1,-1,-1,-1,0,0
59.55,59.55,0,0,-1,-1,-1,-1,0,0
59.6,59.6,0,0,-1,-1,-1,-1,0,0
59.65,59.65,0,0,-1,-1,-1,-1,0,0
59.7,59.7,0,0,-1,-1,-1,-1,0,0
59.75,59.75,0,0,-1,-1,-1,-1,0,0
59.8,59.8,0,0,-1,-1,-1,-1,0,0
59.85,59.85,0,0,-1,-1,-1,-1,0,0
59.9,59.9,0,0,-1,-1,-1,-1,0,0
59.95,59.95,0,0,-1,-1,-1,-1,0,0
